Prefix,Name,Phone Number,Email Id,City,State,Zip Code,Country,status
Dr.,Angela Lee,624.222.7838x65722,michelleknox@example.net,Obrienside,North Dakota,08606,Saint Kitts and Nevis,
Ms.,Nancy English,592.552.5018,omartinez@example.net,South Laura,Georgia,82404,Serbia,
Mr.,Virginia Thomas,450-081-0337,davislacey@example.net,Gabrielton,Utah,82340,Afghanistan,
Ind.,Anthony Mann,001-939-258-6091x52006,cody82@example.com,North Stephanie,Tennessee,59767,Azerbaijan,
Misc.,Adam Johnson,001-572-916-1962x9341,qleonard@example.net,Port Theresatown,Maine,56127,Netherlands,
Dr.,Kelly Richardson,446-002-5630,reneeford@example.net,Buchananshire,South Carolina,37964,Mexico,
Mx.,Joshua Walker,726-983-5800,perezdavid@example.net,East Hollychester,Kentucky,45387,Faroe Islands,
Mrs.,Debra Smith,(328)620-1431x1817,jasonjohnson@example.org,Michaelland,Pennsylvania,42244,Martinique,
Mr.,Michael Davis,817-356-6813x0465,andersonbeth@example.net,Port Jeffrey,South Carolina,06833,Macao,
Dr.,Jordan Davis,483.583.9665,johnsonmichelle@example.com,Evansport,Alabama,10641,Jordan,
