,0,1,2,3,4,5,6,7,8
0,mrs.,phillip eaton,(356)681-233528708,oscarfox@example.org,74600,tylertown,wisconsin,macao,
1,ms.,ricky johnson,941.478.96844053,blanchardalex@example.net,38156,christophermouth,maryland,mayotte,
2,miss,timothy miranda,678-736-3975,ryan44@example.com,31271,port jasonbury,north dakota,botswana,
3,misc.,jennifer escobar,932.242.4067,dthomas@example.org,70297,lake christinaton,delaware,cook islands,
4,ind.,abigail castillo,797.647.4083,sharon90@example.org,59986,new phillipbury,oregon,sudan,
5,ms.,amy davis,3448120063,dianabarton@example.com,59946,new henryfort,mississippi,barbados,
6,dr.,timothy martinez,5264755469,dickersonmark@example.com,22590,henryview,new jersey,tanzania,
7,mx.,casey robertson,904-929-2535332,hayesjoshua@example.net,83746,port kathyport,massachusetts,trinidad and tobago,
8,misc.,jordan frank,129.372.30019202,jay96@example.com,47790,east barbara,illinois,myanmar,
9,mx.,john thomas,534-004-1931,wilkersondiana@example.net,83771,jamesport,south dakota,costa rica,
